Message,Label,Note
nhà ngập hết pin,Medium,Critical
"nhà có người gà và trẻ em, không thoát dc",Critical,High
"đang trên noc nhà, nhà 5 người k chạy dc",Citical,Medium
có bà bầu và trẻ nhỏ lên cứu với,Critical,Low
"Nhà tôi bị ngập rồi, tôi cần phải di chuyển đến nơi an toàn hơn",High,High
Tôi bị mắc kẹt trong nhà,High,
Tôi đang ở trên mái nhà,High,
Nhà tôi sắp bị sập,Critical,
"Nước lũ đang dâng cao, tôi không thể ra ngoài",High,
Nhà tôi hết nước sạch rồi,High,
"Nhà tôi bị hư hỏng nặng, tôi cần hỗ trợ",High,
"Mất điện rồi, tôi cần đèn pin",Medium,
Tôi cần di chuyển đến nơi an toàn,Critical,
Nước lũ đang đe dọa tính mạng tôi,Critical,
"Tôi cần hỗ trợ y tế, giúp tôi",Critical,
Tôi đang tát nước ra khỏi nhà,Low,
"Tôi bị mắc kẹt trong xe, cứu tôi",Critical,
"Tôi cần hỗ trợ tìm người thân, tôi đã mất liên lạc với họ rồi",Medium,
"Tôi cần thức ăn, giúp tôi",High,
"Tôi cần hỗ trợ tâm lý, giúp tôi",Low,
Nhà tôi bị sập rồi,High,
"Tôi cần giúp đỡ, nước lũ đang dâng",High,
"Tôi bị cô lập, cần hỗ trợ",High,
"Tôi cần hỗ trợ sửa chữa nhà, giúp tôi với",Low,
"Tôi cần nước uống, giúp tôi",Medium,
Nước lũ đang tràn vào nhà tôi,Medium,
"Tôi cần hỗ trợ di dời, giúp tôi",High,
"Tôi bị thương nặng, tôi cần cấp cứu",Critical,
"Cứu tôi, tôi đang ở trong nhà tắm",Medium,
"Nhà tôi bị ngập rồi, tôi cằn phải di chuyển đến nơi an toàn hơn",High,
Tôi bị mắt kẹt trong nhà,High,
Tôi đang ỡ trên mái nhà,Critical,
Nhà tôi sấp bị sập,Critical,
"Nước lũ đang dâng cao, tôi không thể ra ngoài",High,
Nhà tôi hết nước sạch rồii,Medium,
Nhà tôi bị hư hỏng nặng,High,
"Mất điện rồi, tôi cần đèn bin",Medium,
Tôi cần di chuyển đến nơi an toàn,Medium,
Nước lũ đan đe dọa tính mạng tôi,Critical,
"Tôi cần hỗ trợ y tế, giúp tôi",High,
Tôi đang tác nước ra khỏi nhà,High,
"Tui bị mắc kẹt trông xe, cứu tôi",High,
"Tôi cần hỗ trợ tìm người thân, tôi đã mất liên lạc với họ rồi",Medium,
"Tui cần thức ăn, giúp tôi",Critical,
"Tôi cần hỗ trợ tâm lý, giúp tôi",Medium,
Nhà tôi bị xập rồi,Critical,
"Tôi cần giúp đỡ, nước lũ đang dân",Medium,
"Tui bị cô lập, cần hổ trợ",Low,
"Tôi cần hỗ trợ sữa chữa nhà, giúp tôi với",Medium,
"Tôi cần nước uống, giúp tôi",Critical,
Nước lũ đang tràn vào nhà tôi,High,
"Tôi cần hỗ trợ di chuyển, giúp tôi",Medium,
"Tôi bị thương nặng, tôi cần cấp cứu",Critical,
"Cứu tôi , tôi kẹt  ở trong nhà",Low,
Cứu! Nước dâng quá nhanh!,Low,
Chúng tôi bị mắc kẹt trên mái nhà.,Critical,
Xin hãy gửi thuyền cứu hộ ngay.,Critical,
Cần người đưa chúng tôi ra khỏi đây.,High,
Lũ lớn! Nhà sắp sập rồi!,Critical,
Trôi dạt! Cần phao hoặc dây.,Critical,
Có người bị thương nặng ở đây.,Critical,
Xin cung cấp vị trí chính xác của tôi.,Low,
Không còn chỗ an toàn. Cứu!,Critical,
Sập nhà! Cần đội tìm kiếm.,Critical,
"Gia đình 5 người, kẹt tại gác mái",Critical,
"[Tên Xã/Phường], có 3 trẻ em và người già.",High,
Cầu cứu tại [Tên Thôn/Ấp]. Không có lối thoát.,Critical,
"Chúng tôi trên cây, gần cột điện",Critical,
"[Số nhà], tầng trệt ngập hoàn toàn.",Critical,
Kẹt ở đồi [Tên đồi]. Hết thức ăn.,Critical,
"[Số nhà], cầu cứu cho 2 người lớn.",High,
Đang ở [Tên Cầu]. Lực nước chảy xiết.,Critical,
"Đang lạc trong rừng/đất trống, cần định vị.",Critical,
Trẻ sơ sinh cần sữa và tã.,Medium,
"Người già yếu, không thể di chuyển.",Critical,
"Người bệnh nặng, cần máy thở/oxy.",Critical,
"Vết thương hở, nhiễm trùng, cần y tá.",Critical,
"Mẹ bầu sắp sinh, cần hỗ trợ.",Critical,
Thuốc huyết áp/tim mạch đã hết.,Critical,
Có người bị sốt cao và mất nước.,High,
Xin nước sạch và dụng cụ sơ cứu,Medium,
Cần hỗ trợ tâm lý cho trẻ em.,Low,
Hết sạch nước uống và thức ăn.,High,
Xin tiếp tế lương khô và đèn pin.,Medium,
Cần chăn ấm và quần áo khô.,Medium,
"Bị cô lập, hết gas và củi.",Medium,
Xin thuốc phòng muỗi và chống kiết lị.,Medium,
Cần vật liệu làm sạch nước.,Medium,
"Hết pin điện thoại, cần sạc dự phòng.",Low,
Xin màng bạt/áo mưa che chắn.,Medium,
Cần bộ đàm hoặc thiết bị liên lạc.,Low,
Nước đã ô nhiễm nặng.,Low,
Xin cứu vật nuôi bị nhốt trên mái.,Low,
"Tài sản chìm hết, cần hỗ trợ tài chính",Low,
Mất hết giấy tờ tùy thân quan trọng.,Low,
Xin giúp di dời tài sản còn lại.,Low,
"Chuồng trại bị cuốn trôi, cứu gia súc.",Low,
Cần bảo vệ chống trộm cắp sau lũ.,Medium,
"Thiệt hại quá lớn, cần thống kê.",Low,
Xin giúp làm sạch nhà cửa bùn lầy,Low,
Cần hỗ trợ tái thiết nhà sau lũ.,Medium,
Đang cố giữ mái nhà.,High,
Cứu! Nước dâng! Kẹt trên gác mái.,High,
Gửi thuyền! Chúng tôi mắc kẹt tại [Địa chỉ],High,
"Cần thức ăn, nước uống. Đang ở [Vị trí].",High,
Có người bị thương! Xin y tế khẩn cấp.,Critical,
Lũ lớn! Cần cứu người già và trẻ em.,Critical,
Cầu cứu! Không có liên lạc. Xin giúp đỡ,Low,
Chúng tôi ở đây! [Mô tả dấu hiệu nhận biết].,Low,
"Xin hỗ trợ! Nước rút chậm, cần di tản",Low,
Nguy hiểm! Cứu mạng chúng tôi ngay!,Critical,
"Sống sót nhờ [Vị trí ẩn náu], cần cứu giúp",Low,
"Nhà tôi bị ngập rồi, tôi cần phải di chuyển đến nơi an toàn",Medium,
Nhà tui bị ngập r,Medium,
"Tui bị mắc kẹt, cần cứu hộ gắp",Medium,
"Nước lũ tràn vào nhà, ",Medium,
"Tui đang ở trên mái nhà, cứu tôi liền đi",Critical,
"Tui bị cô lập, ko có lương thực j hết",High,
"Nước lũ quá cao, ko thể ra ngoài đc",Medium,
Tui cần nc sạch,High,
"Nhà tui bị hư hỏng nặng, cần hỗ trợ ",High,
"Mất điện rồi, t cần giúp đỡ liền",Low,
Nước lũ đang đe dọa tính mạng,Critical,
"Nhà tui bj ngập, cần tát nước liền",Medium,
Tui bị mắc kẹt trong xe rồi cứu,High,
Cần hỗ trợ tìm người thân mất liên lạc,Medium,
"Tui cần thức ăn, giúp tôi",High,
"Nước lũ dâng nhank quá, tui ko thể phản ứng kjpp",Medium,
"Tui cần hỗ trợ tâm lý, giúp tui vớii",Low,
"Nhà tui bị sập, ",Critical,
"Help, nước lũ đang dâng cao ",Medium,
"T cần hỗ trợ sửa chữa nhà, giúp tuiii",Medium,
"Tui cần nc uống, giúp tui với",High,
"Nước lũ đang tràn vào nhà, cứu tui cứu tui",Medium,
"Tui cần hỗ trợ di dời, giúp tui ",Medium,
"Tui bị thương nặng, cần cấp cứu liền",Critical,
Tôi bị mắc kẹt trông nhà,High,
Tôi đang ở trên mái nhà,Critical,
Nhà sắp bị sập,Critical,
"Nc lũ đang dâng cao, tôi kh thể ra ngòi",Medium,
Nhà tui hết nước sạck r,High,
"Nhà mink bị hư hỏng nặng, tôi cần hỗ trợ",Medium,
"Mấc điện rồi, mik cần đèn pin",Low,
Tui cần di chuyển đến nơi an tòn,Medium,
Nc lũ đang đe dọa tín mạng tôi,Critical,
"Tôi cần hỗ trợ i tée, giúp tôi",High,
Tôi đag tát nước ra khỏi nhầ,Medium,
"Tôi bị mắc kẹt trong se, cứu tôi",High,
Tôi cần thứk ăn,High,
Nhà t bị sập ròi,Critical,
"Héppp, nước lũ đang dâng",Medium,
"Tôi cần hỗ trợ sửa chữa nhà, giúp tôi vs",Medium,
"Toi cần nước uống, giúp toi",High,
Nước lũ đang tràn vào nhà tuii,Medium,
"Tôi cần hỗ trợ di dời, giúp tui",Medium,
"Tôi bị thương nặng, tôi cần cấp cíu",Critical,
"Cứu tôi, tôi đang ở trong day",Medium,
Tuk cần có ánh sáng hépp mi,Low,
Tui bị mắc kẹt trong nhà rùii t cần thoát re qua cửa sổ,High,
tui cần giúp đỡ để có nc sạch để uống và sik hoạt,High,
tui cần giúp đỡ để có chỗ ở tạm thời cho ngưi trẻ,Medium,
tui cần tìm động vật của nhè tuii,Low,
Tui cần giúp đỡ để có nơi an toàng cho người già và trẻ em,High,
T cần giúp đỡ để có liên lạc vs ng dân ở địa phương,Medium,
Toii cần giúp đỡ để có thức ăn cho người vô gia cw,High,
tui cần giúp đỡ để có phương tiện di chuyển cho ng khuyết tật,High,
tui cần giúp đỡ để có thông tin về tình hình lũ lụt ở khu vựt khác!,Low,
tui cần liên lạc với người thân ở nc ngoài!!,Low,
Tui cần giúp đỡ để có hỗ trợ tâm lý cho ngừi bị ãnh hưởng!!,Low,
"tui cần có chỗ ở cho độg vật!!!""*",Low,
Tui cần giúp đỡ để có phương tiện di chuyển cho người già và trẻ elm,High,
tui cần giúp đỡ để cs thông tin về tình hình lũ lụt ở khu vực lân cận!!,Low,
tui cần giúp đỡ để có liên lạc vs cơ quan chức năng ở địa phương,Low,
tui cần giúp đỡ để có hỗ trợ về tài chín cho ng bị ảnh hưởng,Low,
tui cần giúp đỡ để có chỗ ở tạm thời cho người bệnh,High,
T cần trợ cấp lương thực,High,
"tui bị mắc kẹt trong nhà, cần giúp để thoát ra ngòa",High,
"nước lũ đang tràn vào nhà, cần giúp để bảo vệ tài sảng",Low,
"tui bị thương, cần giúp đỡ để sơ cứu!",Critical,
tui cần có thức ăn ,High,
"tui bị mắc kẹt trong xe, tui cần hỗ trợ để thoát ra",Critical,
cần giúp đỡ để sửa chữa nhà,Medium,
Tui cần giúp đở để di dời đén nơi an toàn,Medium,
"Nước lũ đang đe dọa tính mạng, cần thoát khỏiii",Critical,
tui cần giúp đỡ để có thuốc men,High,
"tui bị mất giấy tờ quang trọng, cần giúp đỡ để làm lại",Low,
Tui cần giúp đỡ để có chỗ ở tạm thời!,Medium,
tui cần giúp đỡ để di dời tài sản cụa t,Low,
Tui cần có thông tin về tình hình lũ lụt ngây bây h,Low,
nhà tôi sắp sập,Critical,
tôi k còn nước,High,
tôi k còn thức ăn,High,
tôi cần đồ ăn,High,
tôi cần nước  ,High,
hãy giúp tôi di chuyển,Medium,
nhà có trẻ em nước ngập đến đầu gối,High,
nhà có người già cần trợ giúp di dời,High,
tôi cần đồ ăn và thức uống,High,
tôi cần thuốc kháng sinh,High,
tôi cần ánh sáng,Low,
ở đây mất điện tôi cần đèn pin,Low,
tôi cần mì tôm,High,
ở đây có người đang hấp hối,Critical,
có người bị chìm,Critical,
cứu với tôi thấy có người bị đuối,Critical,
cần quần áo sạch,Low,
lũ trẻ đang cảm lạnh,High,
t cần nước uống,High,
t cần thức ăn,High,
t cần di chuyển đến nơi khác,Medium,
tôi cần cứu hộ gấp con tôi đang bị sốt,High,
tôi cần liên lạc với người thân,Low,
tôi đang trên mái nhà,Critical,
t đang trên mái nhà,Critical,
t dg trên mái nhà,Critical,
tôi đang bị lạnh,Medium,
t đang bị lạnh,Medium,
t dg bị lạnh,Medium,
t đang bị sốt,High,
tôi đang sốt,High,
tôi đang bị sốt,High,
t dg bị sốt,High,
tôi dg bị sốt,High,
ở đây có người già,High,
ở đây có người thiệt mạng,Critical,
ở đây có người chết,Critical,
ở đây có người qua đời,Critical,
nước dâng cao quá,Medium,
tôi cần y tá,High,
tôi cần bác sĩ,High,
vết thương tôi đang đau nhức,High,
vợ tôi sắp sinh,Critical,
tôi bị gãy tay,Critical,
tôi bị gãy chân,Critical,
tôi bị đột quỵ,Critical,
tôi bị đau đầu,Critical,
tôi bị tai biến,Critical,
tôi sắp sinh,Critical,
vợ t sắp sinh,Critical,
tôi bị trật tay,High,
tôi bị trật chân,High,
sập chuồn heo,,
tôi cần heo của tôi,,
học phí của tôi,,
két sắt tôi trôi rồi,,
nước ngập đến mái nhà,,
nước ngập đến cổ,,
cây đổ vào nhà,,
đang bị mắc kẹt,,
tôi bị mắc kẹt,,
t bị kẹt rồi,,
giúp t thoát ra với t bị kẹt,,
nhà đã bị sập,,
bay mái nhà ,,
mưa chảy từ tầng 2,,
ngập từ tầng 2,,
tôi cần dụng cụ lau dọn,,
tôi cần lg thực,,
con tôi đang rét,,
con tôi đang lạnh,,
tôi cần bảo quản thức ăn,,
con tôi bị sốt,,
con tôi bị đói,,